<?xml version="1.0" encoding="UTF-8"?>
<project-private xmlns="http://www.netbeans.org/ns/project-private/1">
    <editor-bookmarks xmlns="http://www.netbeans.org/ns/editor-bookmarks/2" lastBookmarkId="0"/>
    <open-files xmlns="http://www.netbeans.org/ns/projectui-open-files/2">
        <group>
            <file>file:/D:/Project/orchidnew/resources/views/pages/significantevent.blade.php</file>
            <file>file:/D:/Project/orchidnew/resources/views/pages/viewmessage.blade.php</file>
            <file>file:/D:/Project/orchidnew/app/Http/Controllers/EventController.php</file>
            <file>file:/D:/Project/orchidnew/resources/views/pages/editevent.blade.php</file>
            <file>file:/D:/Project/orchidnew/resources/views/loginpage.blade.php</file>
            <file>file:/D:/Project/orchidnew/resources/views/pages/homepage.blade.php</file>
            <file>file:/D:/Project/orchidnew/resources/views/pages/addfriends.blade.php</file>
            <file>file:/D:/Project/orchidnew/resources/views/pages/connectsocial.blade.php</file>
            <file>file:/D:/Project/orchidnew/app/Http/Controllers/ProfileController.php</file>
            <file>file:/D:/Project/orchidnew/resources/views/pages/createevents.blade.php</file>
            <file>file:/D:/Project/orchidnew/resources/views/pages/showcreatedcard.blade.php</file>
            <file>file:/D:/Project/orchidnew/resources/views/pages/changepassword.blade.php</file>
            <file>file:/D:/Project/orchidnew/routes/web.php</file>
            <file>file:/D:/Project/orchidnew/public/js/taginput.js</file>
            <file>file:/D:/Project/orchidnew/app/Http/Controllers/LoginWebController.php</file>
            <file>file:/D:/Project/orchidnew/public/css/main.css</file>
            <file>file:/D:/Project/orchidnew/resources/views/includes/header.blade.php</file>
            <file>file:/D:/Project/orchidnew/resources/views/pages/primarydetails.blade.php</file>
        </group>
    </open-files>
</project-private>
