<?xml version="1.0" encoding="UTF-8"?>
<project xmlns="http://www.netbeans.org/ns/project/1">
    <type>org.netbeans.modules.php.project</type>
    <configuration>
        <data xmlns="http://www.netbeans.org/ns/php-project/1">
            <name>orchidnew</name>
        </data>
        <spellchecker-wordlist xmlns="http://www.netbeans.org/ns/spellchecker-wordlist/1">
            <word>detais</word>
            <word>elseif</word>
            <word>endforeach</word>
            <word>endif</word>
            <word>HLOOO</word>
            <word>sravanthi</word>
        </spellchecker-wordlist>
    </configuration>
</project>
